BoxCox, Ordre : , 0, Lambda : 5.0
 X , Y 
-10.0,1.9999999998E9
-9.0,6.9735688E8
-8.0,2.147483646E8
-7.0,5.64950496E7
-6.0,1.2093235E7
-5.0,1953124.8
-4.0,209715.0
-3.0,11809.6
-2.0,204.6
-1.0,0.0
0.0,-0.2
1.0,0.0
2.0,204.6
3.0,11809.6
4.0,209715.0
5.0,1953124.8
6.0,1.2093235E7
7.0,5.64950496E7
8.0,2.147483646E8
9.0,6.9735688E8
10.0,1.9999999998E9
