Logarithme, Ordre : , 0, Lambda : -1.0
 X , Y 
-10.0,4.605170185988092
-9.0,4.394449154672439
-8.0,4.1588830833596715
-7.0,3.8918202981106265
-6.0,3.58351893845611
-5.0,3.2188758248682006
-4.0,2.772588722239781
-3.0,2.1972245773362196
-2.0,1.3862943611198906
-1.0,0.0
1.0,0.0
2.0,1.3862943611198906
3.0,2.1972245773362196
4.0,2.772588722239781
5.0,3.2188758248682006
6.0,3.58351893845611
7.0,3.8918202981106265
8.0,4.1588830833596715
9.0,4.394449154672439
10.0,4.605170185988092
