MoyenneMobile, Ordre : , 4, Lambda : 4.0
 X , Y 
3.0,0.24250000000000002
4.0,0.36750000000000005
5.0,0.48875
6.0,0.515
7.0,0.55375
8.0,0.5937499999999999
9.0,0.6174999999999999
10.0,1.3912499999999999
