saison, Ordre : , 4, Lambda : 4.0
 X , Y 
1.0,0.131875
2.0,-0.338125
3.0,0.05687499999999997
4.0,0.149375
5.0,0.131875
6.0,-0.338125
7.0,0.05687499999999997
8.0,0.149375
9.0,0.131875
10.0,-0.338125
11.0,0.05687499999999997
12.0,0.149375
