desonnalisation, Ordre : , 4, Lambda : 4.0
 X , Y 
1.0,0.318125
2.0,-0.07187499999999997
3.0,0.31312500000000004
4.0,0.360625
5.0,0.4181250000000001
6.0,0.828125
7.0,0.38312500000000005
8.0,0.500625
9.0,0.588125
10.0,0.978125
11.0,0.42312500000000003
12.0,6.650625
