Logistique, Ordre : , 4, Lambda : 4.0
 X , Y 
1.0,-0.20067069546215124
3.0,-0.5322168137473082
4.0,0.040005334613699206
5.0,0.2006706954621514
6.0,-0.04000533461369925
7.0,-0.2411620568168881
8.0,0.6190392084062236
9.0,0.9444616088408513
10.0,0.5753641449035619
11.0,-0.0800427076735365
