residu, Ordre : , 4, Lambda : 4.0
 X , Y 
3.0,0.12749999999999997
4.0,0.14249999999999996
5.0,0.06125000000000003
6.0,-0.025000000000000022
7.0,-0.11374999999999996
8.0,0.05625000000000013
9.0,0.10250000000000004
10.0,-0.7512499999999999
