AnalyseResidu, Ordre : , 4, Lambda : -1.0
 X , Y 
1.0,1.1249999999999982
2.0,-0.3426136363636383
3.0,-1.7852272727272744
4.0,-0.21534090909091042
5.0,1.4545454545454541
6.0,-0.21306818181818166
7.0,-1.7556818181818175
8.0,0.5142045454545459
9.0,2.4840909090909102
10.0,0.6164772727272743
11.0,-2.026136363636363
12.0,0.1437500000000025
