BoxCox, Ordre : , 0, Lambda : 4.0
 X , Y 
1.0,102.265625
2.0,70.39402499999997
3.0,46.60402500000001
4.0,168.88002499999996
5.0,228.515625
6.0,143.87002500000006
7.0,93.45240000000003
8.0,446.015625
9.0,671.5964
10.0,419.1804000000001
11.0,132.4604
12.0,534.2843999999999
