desonnalisation, Ordre : , 5, Lambda : 5.0
 X , Y 
1.0,5.534999999999999
2.0,3.9849999999999994
3.0,3.125
4.0,4.755
5.0,6.534999999999999
6.0,4.785
7.0,3.825
8.0,6.155
9.0,8.235
10.0,6.285
11.0,4.225
12.0,6.455
