Logarithme, Ordre : , 0, Lambda : -1.0
 X , Y 
1.0,1.5040773967762742
2.0,1.410986973710262
3.0,1.308332819650179
4.0,1.62924053973028
5.0,1.7047480922384253
6.0,1.589235205116581
7.0,1.4816045409242156
8.0,1.8718021769015913
9.0,1.9740810260220096
10.0,1.8562979903656263
11.0,1.5686159179138452
12.0,1.916922612182061
