saison, Ordre : , 5, Lambda : 5.0
 X , Y 
1.0,-1.0349999999999995
2.0,0.11500000000000021
3.0,0.5750000000000002
4.0,0.34499999999999975
5.0,-1.0349999999999995
6.0,0.11500000000000021
7.0,0.5750000000000002
8.0,0.34499999999999975
9.0,-1.0349999999999995
10.0,0.11500000000000021
11.0,0.5750000000000002
12.0,0.34499999999999975
